asset_id,asset_type,source,algorithm_family,algorithm,key_size,parameter_set,signature_algorithm,tls_version,cipher_suite,negotiated_group,certificate_subject,issuer,expiry,sans,chain_length,migration_status,policy_result,evidence.crypto_class,evidence.algorithm_standard,evidence.integration_status,evidence.validity,evidence.signature_algorithm_family,evidence.certificate_sha256,evidence.public_key_sha256,evidence.setting,evidence.purpose,evidence.location
cert-579149dcd569007d47fc51ef,certificate,certs/ecdsa-p256-mobile.pem,EC,ECDSA,256,P-256,ecdsa-with-SHA256,,,,"CN=m.fictional.test,O=Fictional Org (synthetic)","CN=m.fictional.test,O=Fictional Org (synthetic)",2027-10-07T14:35:39Z,m.fictional.test,1,UNKNOWN,,classical-public-key,,,valid,EC,01f418818b182e1cd4ed7002fd9214cad21a598467d1b611ee3537c4e2c2c0ee,8db12972de5609a8973f439064f2a6294035f14e04580c82f81f5d0a58c635a4,,,
cert-25cf4018a6c728447189fe59,certificate,certs/ecdsa-p256-telemetry.pem,EC,ECDSA,256,P-256,ecdsa-with-SHA256,,,,"CN=telemetry.fictional.test,O=Fictional Org (synthetic)","CN=telemetry.fictional.test,O=Fictional Org (synthetic)",2027-10-07T14:35:39Z,telemetry.fictional.test,1,UNKNOWN,,classical-public-key,,,valid,EC,9c52bf814d6b64fd9d39c85a756cab04b7322ced363cb596dae165ab7dd12396,eb959586c9ccca4a62ed93596fc3f1af3a6e34ec52a65f39295a6d6e50ed67ab,,,
cert-e7a9922c59aa3e5cb3d19d51,certificate,certs/ecdsa-p384-admin.pem,EC,ECDSA,384,P-384,ecdsa-with-SHA384,,,,"CN=admin.fictional.test,O=Fictional Org (synthetic)","CN=admin.fictional.test,O=Fictional Org (synthetic)",2027-10-07T14:35:39Z,admin.fictional.test,1,UNKNOWN,,classical-public-key,,,valid,EC,54ff2250e6b7c11df5ab73225a842e4c019c8a3a9c190bf51ce7e0fe21101b1f,f7d91b11834d3486ec44742ff6ae0a5e7628c725851eb49dba518eb36d5bd310,,,
cert-cc93ba704f7ab337985f8f71,certificate,certs/mldsa65-pilot.pem,ML-DSA,ML-DSA-65,,ML-DSA-65,ML-DSA-65,,,,"CN=pqc-pilot.fictional.test,O=Fictional Org (synthetic)","CN=pqc-pilot.fictional.test,O=Fictional Org (synthetic)",2027-10-07T14:35:39Z,pqc-pilot.fictional.test,1,UNKNOWN,,post-quantum,NIST FIPS 204,experimental-x509-lab-integration,valid,ML-DSA,4c8330f53bed3d053f522ff14151e2b6f256b142b8c592e27480ca8bceb59a4a,,,,
cert-2c4f6caaa994823d4c181589,certificate,certs/rsa2048-customer-api.pem,RSA,RSA,3072,RSA-3072,sha256WithRSAEncryption,,,,"CN=Fictional Org Issuing CA (synthetic),O=Fictional Org (synthetic)","CN=Fictional Org Issuing CA (synthetic),O=Fictional Org (synthetic)",2028-10-06T14:35:38Z,,2,UNKNOWN,,classical-public-key,,,valid,RSA,bc832ab5ebd1827f1d2f614ce9735ab7f5438c346ca9ca9a85fa38eb598d7719,6ca6459c463533b99ccccabc7358f652db2ee024f3385d0c110f18d40b1c15e0,,,
cert-79443cbc63931cf7f7693f7e,certificate,certs/rsa2048-customer-api.pem,RSA,RSA,2048,RSA-2048,sha256WithRSAEncryption,,,,"CN=api.fictional.test,O=Fictional Org (synthetic)","CN=Fictional Org Issuing CA (synthetic),O=Fictional Org (synthetic)",2027-10-07T14:35:38Z,api.fictional.test,2,UNKNOWN,,classical-public-key,,,valid,RSA,7495a2ebc30495024e6a2f108c1720fd31bd71441edd8708d68440fc162d9de7,c34b138ae067db7c3232566f6b294eac0fd32e667880cb4b7cb8003eb7e18c5e,,,
cert-89b7c4a3d2227b32bedb9d2b,certificate,certs/rsa2048-expired-reporting.pem,RSA,RSA,2048,RSA-2048,sha256WithRSAEncryption,,,,"CN=reports.fictional.test,O=Fictional Org (synthetic)","CN=reports.fictional.test,O=Fictional Org (synthetic)",2024-01-01T00:00:00Z,reports.fictional.test,1,UNKNOWN,,classical-public-key,,,expired,RSA,c4c0e0ff909362362d46ca77bbdb1e1775602d1a4d47917d9c8fea5a5e1a8f23,d4be2fd88b349152c963647194b8bd1c45c5ff7554053dd94ca35636d18a2eae,,,
cert-11eec10c69b79a1579481b32,certificate,certs/rsa2048-legacy-portal-sha1.pem,RSA,RSA,2048,RSA-2048,sha1WithRSAEncryption,,,,"CN=portal.fictional.test,O=Fictional Org (synthetic)","CN=portal.fictional.test,O=Fictional Org (synthetic)",2027-10-07T14:35:38Z,portal.fictional.test,1,UNKNOWN,,classical-public-key,,,valid,RSA,8782052ac2d83c800138a46e5602531c41bc83141cf56370ae42651d4801fe07,f05ae07756ba8926a6e85457dbfcbc88b9bf6598f6852e500bcc25ac3ed22227,,,
cert-9a1077038b43ed323881f053,certificate,certs/rsa2048-public-web.pem,RSA,RSA,2048,RSA-2048,sha256WithRSAEncryption,,,,"CN=www.fictional.test,O=Fictional Org (synthetic)","CN=www.fictional.test,O=Fictional Org (synthetic)",2027-10-07T14:35:38Z,www.fictional.test,1,UNKNOWN,,classical-public-key,,,valid,RSA,4da306395f7109fdefa9922b2b81acc25207db57617a49ebffc3ffd631d350ff,84bf1461d7521069eeaa06afb6d3c4f206f46b226d33ae9c08704bf393c87f93,,,
cert-1854fe350d77b5cf9357d0e4,certificate,certs/rsa3072-identity.pem,RSA,RSA,3072,RSA-3072,sha256WithRSAEncryption,,,,"CN=idp.fictional.test,O=Fictional Org (synthetic)","CN=idp.fictional.test,O=Fictional Org (synthetic)",2027-10-07T14:35:38Z,idp.fictional.test,1,UNKNOWN,,classical-public-key,,,valid,RSA,5ab916a7861e0dc429dc6f50fc12ea747deddc8e0b8ae29a1f260c45bc4a7fbc,e1cf8b0e68fdb7e198a49cbbf4a05f44d1f099096ef5ef0e93c5438106ee6252,,,
cert-77d3056bb6013acde4c036af,certificate,certs/rsa3072-payments.pem,RSA,RSA,3072,RSA-3072,sha256WithRSAEncryption,,,,"CN=pay.fictional.test,O=Fictional Org (synthetic)","CN=pay.fictional.test,O=Fictional Org (synthetic)",2027-10-07T14:35:39Z,pay.fictional.test,1,UNKNOWN,,classical-public-key,,,valid,RSA,86f10930ac552450b4e4da562b748bf9a6af04671d1b22057298c6d89ffad1ca,a3c697e85205dad3cf1b6bce0d1a042ede526abbdea8d8466e506eb58033abee,,,
cert-347495844929e984cc91ad68,certificate,certs/rsa4096-backup.pem,RSA,RSA,4096,RSA-4096,sha256WithRSAEncryption,,,,"CN=backup.fictional.test,O=Fictional Org (synthetic)","CN=backup.fictional.test,O=Fictional Org (synthetic)",2027-10-07T14:35:39Z,backup.fictional.test,1,UNKNOWN,,classical-public-key,,,valid,RSA,a8086b122e3eecf1737cc49f32c828c28aef273c72f0593e66ee2f7d8832315c,eb997ec0ecefaa5c51aec03f9b4feeb9ea54504664ed2bbe55c186e20b0764de,,,
cfg-7d081946612253cdbe8b698d,openssl_config,clients/legacy-batch-client.cnf,TLS-PROTOCOL,TLSv1.2,,,,TLSv1.2,,,,,,,,UNKNOWN,,protocol,,,,,,,MinProtocol,tls_protocol_bound,[system_default_sect] line 3
cfg-7f2318daf340ae581fe10472,openssl_config,clients/legacy-batch-client.cnf,unknown,unrecognized,,,,,,,,,,,,UNKNOWN,,unknown,,,,,,,CipherString,tls12_cipher_string,[system_default_sect] line 6
cfg-c3948c68f08641a067dbd666,openssl_config,clients/legacy-batch-client.cnf,XDH,X25519,,X25519,,,,,,,,,,UNKNOWN,,classical-public-key,,,,,,,Groups,tls_key_establishment,[system_default_sect] line 4
cfg-c80268a8bc924b81ba0a6ea2,openssl_config,clients/legacy-batch-client.cnf,EC,ECDSA+SHA256,,,,,,,,,,,,UNKNOWN,,classical-public-key,,,,,,,SignatureAlgorithms,signature,[system_default_sect] line 5
cfg-cf56d76e0bc6b8b43023cfb6,openssl_config,clients/legacy-batch-client.cnf,ECDH,secp256r1,,secp256r1,,,,,,,,,,UNKNOWN,,classical-public-key,,,,,,,Groups,tls_key_establishment,[system_default_sect] line 4
cfg-d0043fea3fdf692011064964,openssl_config,clients/legacy-batch-client.cnf,RSA,RSA+SHA256,,,,,,,,,,,,UNKNOWN,,classical-public-key,,,,,,,SignatureAlgorithms,signature,[system_default_sect] line 5
cfg-2f505116b71eb4ef65d6bcf3,application_config,clients/legacy-field-gateway.yaml,SYMMETRIC,AES-128-GCM,,,,,AES-128-GCM,,,,,,,UNKNOWN,,symmetric,,,,,,,cipher_suites,cipher_suite,tls.cipher_suites
cfg-508f0f9a10be42f225238bb5,application_config,clients/legacy-field-gateway.yaml,EC,ecdsa_secp256r1_sha256,,,,,,,,,,,,UNKNOWN,,classical-public-key,,,,,,,signature_algorithms,signature,tls.signature_algorithms
cfg-6ea56e3933fb2a7097557bba,application_config,clients/legacy-field-gateway.yaml,ECDH,secp256r1,,secp256r1,,,,,,,,,,UNKNOWN,,classical-public-key,,,,,,,groups,tls_key_establishment,tls.groups
cfg-c5cbd421e2528e407f88561b,application_config,clients/legacy-field-gateway.yaml,RSA,rsa_pkcs1_sha256,,,,,,,,,,,,UNKNOWN,,classical-public-key,,,,,,,signature_algorithms,signature,tls.signature_algorithms
cfg-d36ab6e62bb470f042ddd29d,application_config,clients/legacy-field-gateway.yaml,TLS-PROTOCOL,TLSv1.2,,,,TLSv1.2,,,,,,,,UNKNOWN,,protocol,,,,,,,max_tls_version,tls_protocol_bound,tls.max_tls_version
cfg-ee64e5ecb2de01dcfb234b18,application_config,clients/legacy-field-gateway.yaml,TLS-PROTOCOL,TLSv1.2,,,,TLSv1.2,,,,,,,,UNKNOWN,,protocol,,,,,,,min_tls_version,tls_protocol_bound,tls.min_tls_version
cfg-6477f32d02ac2f33f0def3a7,application_config,services/01-public-web.yaml,TLS-PROTOCOL,TLSv1.2,,,,TLSv1.2,,,,,,,,UNKNOWN,,protocol,,,,,,,min_tls_version,tls_protocol_bound,tls.min_tls_version
cfg-6a6105ce614ecbdf15c6e428,application_config,services/01-public-web.yaml,ECDH,secp256r1,,secp256r1,,,,,,,,,,UNKNOWN,,classical-public-key,,,,,,,groups,tls_key_establishment,tls.groups
cfg-aaa05e61b362f08889b8eab8,application_config,services/01-public-web.yaml,SYMMETRIC,AES-256-GCM,,,,,AES-256-GCM,,,,,,,UNKNOWN,,symmetric,,,,,,,cipher_suites,cipher_suite,tls.cipher_suites
cfg-c9159c428d39c5640de22946,application_config,services/01-public-web.yaml,RSA,rsa_pss_rsae_sha256,,,,,,,,,,,,UNKNOWN,,classical-public-key,,,,,,,signature_algorithms,signature,tls.signature_algorithms
cfg-d26a01c49e66f0bc4d3d3cfc,application_config,services/01-public-web.yaml,XDH,X25519,,X25519,,,,,,,,,,UNKNOWN,,classical-public-key,,,,,,,groups,tls_key_establishment,tls.groups
cfg-d64beebfcf1289aba8fd4405,application_config,services/01-public-web.yaml,SYMMETRIC,TLS_AES_128_GCM_SHA256,,,,,TLS_AES_128_GCM_SHA256,,,,,,,UNKNOWN,,symmetric,,,,,,,cipher_suites,cipher_suite,tls.cipher_suites
cfg-f5084f7d9e35b2b04c82153f,application_config,services/01-public-web.yaml,PROFILE,classical,,,,,,,,,,,,UNKNOWN,,profile,,,,,,,crypto_profile,crypto_profile,crypto_profile
cfg-34eef6e45b87976217490b30,application_config,services/02-customer-api.yaml,TLS-PROTOCOL,TLSv1.2,,,,TLSv1.2,,,,,,,,UNKNOWN,,protocol,,,,,,,min_tls_version,tls_protocol_bound,tls.min_tls_version
cfg-35fbedf06a4e14da3bdf0f09,application_config,services/02-customer-api.yaml,PROFILE,classical,,,,,,,,,,,,UNKNOWN,,profile,,,,,,,crypto_profile,crypto_profile,crypto_profile
cfg-561d7ca5815ce6b493a768c6,application_config,services/02-customer-api.yaml,SYMMETRIC,TLS_AES_128_GCM_SHA256,,,,,TLS_AES_128_GCM_SHA256,,,,,,,UNKNOWN,,symmetric,,,,,,,cipher_suites,cipher_suite,tls.cipher_suites
cfg-583adf8061949c95d036ae3a,application_config,services/02-customer-api.yaml,XDH,X25519,,X25519,,,,,,,,,,UNKNOWN,,classical-public-key,,,,,,,groups,tls_key_establishment,tls.groups
cfg-b0739879d8473120a4814aeb,application_config,services/02-customer-api.yaml,RSA,rsa_pss_rsae_sha256,,,,,,,,,,,,UNKNOWN,,classical-public-key,,,,,,,signature_algorithms,signature,tls.signature_algorithms
cfg-c754debf0f24b1aece11e89d,application_config,services/02-customer-api.yaml,ECDH,secp256r1,,secp256r1,,,,,,,,,,UNKNOWN,,classical-public-key,,,,,,,groups,tls_key_establishment,tls.groups
cfg-ee29a3cb189e6be4d2c223f3,application_config,services/02-customer-api.yaml,SYMMETRIC,AES-256-GCM,,,,,AES-256-GCM,,,,,,,UNKNOWN,,symmetric,,,,,,,cipher_suites,cipher_suite,tls.cipher_suites
cfg-053e6100185ca43f6803a03a,application_config,services/03-legacy-portal.yaml,ECDH,secp256r1,,secp256r1,,,,,,,,,,UNKNOWN,,classical-public-key,,,,,,,groups,tls_key_establishment,tls.groups
cfg-65e8654e3892d1347c44b818,application_config,services/03-legacy-portal.yaml,SYMMETRIC,TLS_AES_128_GCM_SHA256,,,,,TLS_AES_128_GCM_SHA256,,,,,,,UNKNOWN,,symmetric,,,,,,,cipher_suites,cipher_suite,tls.cipher_suites
cfg-6805aec3378554525ce42c04,application_config,services/03-legacy-portal.yaml,TLS-PROTOCOL,TLSv1.1,,,,TLSv1.1,,,,,,,,UNKNOWN,,protocol,,,,,,,min_tls_version,tls_protocol_bound,tls.min_tls_version
cfg-a3d7f40ae8e09ae95b5f4c05,application_config,services/03-legacy-portal.yaml,PROFILE,classical,,,,,,,,,,,,UNKNOWN,,profile,,,,,,,crypto_profile,crypto_profile,crypto_profile
cfg-dfb4bf6c36a1e43cb75047f4,application_config,services/03-legacy-portal.yaml,SYMMETRIC,3DES,,,,,3DES,,,,,,,UNKNOWN,,symmetric,,,,,,,cipher_suites,cipher_suite,tls.cipher_suites
cfg-e9e61ce0ce9d7f85ba0f85f3,application_config,services/03-legacy-portal.yaml,RSA,rsa_pkcs1_sha1,,,,,,,,,,,,UNKNOWN,,classical-public-key,,,,,,,signature_algorithms,signature,tls.signature_algorithms
cfg-fa40e4f1b53a3071b9f2248d,application_config,services/03-legacy-portal.yaml,SYMMETRIC,AES-128-CBC,,,,,AES-128-CBC,,,,,,,UNKNOWN,,symmetric,,,,,,,cipher_suites,cipher_suite,tls.cipher_suites
cfg-25d8e9880427c7cf37d21ca1,application_config,services/04-reporting.yaml,TLS-PROTOCOL,TLSv1.2,,,,TLSv1.2,,,,,,,,UNKNOWN,,protocol,,,,,,,min_tls_version,tls_protocol_bound,tls.min_tls_version
cfg-3f734a49baacf8704a5bef59,application_config,services/04-reporting.yaml,SYMMETRIC,AES-256-GCM,,,,,AES-256-GCM,,,,,,,UNKNOWN,,symmetric,,,,,,,cipher_suites,cipher_suite,tls.cipher_suites
cfg-4e28fbe6ad058ee814dcf578,application_config,services/04-reporting.yaml,PROFILE,classical,,,,,,,,,,,,UNKNOWN,,profile,,,,,,,crypto_profile,crypto_profile,crypto_profile
cfg-c3b4b5d15a8513982ce16281,application_config,services/04-reporting.yaml,RSA,rsa_pkcs1_sha256,,,,,,,,,,,,UNKNOWN,,classical-public-key,,,,,,,signature_algorithms,signature,tls.signature_algorithms
cfg-d43a18db57cb8ce16cc6abdb,application_config,services/04-reporting.yaml,SYMMETRIC,TLS_AES_128_GCM_SHA256,,,,,TLS_AES_128_GCM_SHA256,,,,,,,UNKNOWN,,symmetric,,,,,,,cipher_suites,cipher_suite,tls.cipher_suites
cfg-fc12a21d2277eb7e20e56f70,application_config,services/04-reporting.yaml,ECDH,secp384r1,,secp384r1,,,,,,,,,,UNKNOWN,,classical-public-key,,,,,,,groups,tls_key_establishment,tls.groups
cfg-1aed3eaccb7ec20a013f13bd,application_config,services/05-identity-provider.yaml,SYMMETRIC,TLS_AES_128_GCM_SHA256,,,,,TLS_AES_128_GCM_SHA256,,,,,,,UNKNOWN,,symmetric,,,,,,,cipher_suites,cipher_suite,tls.cipher_suites
cfg-3d73eed04502597bd3ece140,application_config,services/05-identity-provider.yaml,HYBRID-KEM,X25519MLKEM768,,X25519MLKEM768,,,,,,,,,,UNKNOWN,,hybrid,NIST FIPS 203 component in hybrid group,experimental-tls-integration,,,,,groups,tls_key_establishment,tls.groups
cfg-55fb9809fe402b5c2af9bdfe,application_config,services/05-identity-provider.yaml,PROFILE,hybrid,,,,,,,,,,,,UNKNOWN,,profile,,,,,,,crypto_profile,crypto_profile,crypto_profile
cfg-5dfbd6b100beaff82616437e,application_config,services/05-identity-provider.yaml,SYMMETRIC,TLS_AES_256_GCM_SHA384,,,,,TLS_AES_256_GCM_SHA384,,,,,,,UNKNOWN,,symmetric,,,,,,,cipher_suites,cipher_suite,tls.cipher_suites
cfg-81a0a45f57c63044aee01559,application_config,services/05-identity-provider.yaml,TLS-PROTOCOL,TLSv1.3,,,,TLSv1.3,,,,,,,,UNKNOWN,,protocol,,,,,,,min_tls_version,tls_protocol_bound,tls.min_tls_version
cfg-cc62faa3f98aa2755ff1e32b,application_config,services/05-identity-provider.yaml,RSA,rsa_pss_rsae_sha384,,,,,,,,,,,,UNKNOWN,,classical-public-key,,,,,,,signature_algorithms,signature,tls.signature_algorithms
cfg-f96a3452860e2c32ee6f6182,application_config,services/05-identity-provider.yaml,XDH,X25519,,X25519,,,,,,,,,,UNKNOWN,,classical-public-key,,,,,,,groups,tls_key_establishment,tls.groups
cfg-040db8578ae6d4e03461c95a,application_config,services/06-payments.yaml,SYMMETRIC,TLS_AES_128_GCM_SHA256,,,,,TLS_AES_128_GCM_SHA256,,,,,,,UNKNOWN,,symmetric,,,,,,,cipher_suites,cipher_suite,tls.cipher_suites
cfg-344e45b49eda1cb6274c310d,application_config,services/06-payments.yaml,PROFILE,classical,,,,,,,,,,,,UNKNOWN,,profile,,,,,,,crypto_profile,crypto_profile,crypto_profile
cfg-3f44cc1fcc713ff8adb1eda5,application_config,services/06-payments.yaml,TLS-PROTOCOL,TLSv1.3,,,,TLSv1.3,,,,,,,,UNKNOWN,,protocol,,,,,,,min_tls_version,tls_protocol_bound,tls.min_tls_version
cfg-6254131c77f080b386d7e219,application_config,services/06-payments.yaml,XDH,X25519,,X25519,,,,,,,,,,UNKNOWN,,classical-public-key,,,,,,,groups,tls_key_establishment,tls.groups
cfg-77486bda33a5bfd5c6a5dff0,application_config,services/06-payments.yaml,SYMMETRIC,TLS_AES_256_GCM_SHA384,,,,,TLS_AES_256_GCM_SHA384,,,,,,,UNKNOWN,,symmetric,,,,,,,cipher_suites,cipher_suite,tls.cipher_suites
cfg-977c8d1a0a8975c28f382438,application_config,services/06-payments.yaml,RSA,rsa_pss_rsae_sha256,,,,,,,,,,,,UNKNOWN,,classical-public-key,,,,,,,signature_algorithms,signature,tls.signature_algorithms
cfg-13f3757b759d1b51f54db3a9,application_config,services/07-backup-archive.yaml,SYMMETRIC,TLS_AES_128_GCM_SHA256,,,,,TLS_AES_128_GCM_SHA256,,,,,,,UNKNOWN,,symmetric,,,,,,,cipher_suites,cipher_suite,tls.cipher_suites
cfg-6b34ebc662aa9c3583f60637,application_config,services/07-backup-archive.yaml,FFDH,ffdhe2048,,ffdhe2048,,,,,,,,,,UNKNOWN,,classical-public-key,,,,,,,groups,tls_key_establishment,tls.groups
cfg-7ea00bb222ef8c37414971b7,application_config,services/07-backup-archive.yaml,PROFILE,classical,,,,,,,,,,,,UNKNOWN,,profile,,,,,,,crypto_profile,crypto_profile,crypto_profile
cfg-8e5aeb58d8aea8b4ec3a9b99,application_config,services/07-backup-archive.yaml,RSA,rsa_pss_rsae_sha512,,,,,,,,,,,,UNKNOWN,,classical-public-key,,,,,,,signature_algorithms,signature,tls.signature_algorithms
cfg-942c9c8e8cf64aae82d59ea1,application_config,services/07-backup-archive.yaml,SYMMETRIC,AES-256-GCM,,,,,AES-256-GCM,,,,,,,UNKNOWN,,symmetric,,,,,,,cipher_suites,cipher_suite,tls.cipher_suites
cfg-b57c730872980f8c7c560028,application_config,services/07-backup-archive.yaml,TLS-PROTOCOL,TLSv1.2,,,,TLSv1.2,,,,,,,,UNKNOWN,,protocol,,,,,,,min_tls_version,tls_protocol_bound,tls.min_tls_version
cfg-0ca58929ff7dcd3d597bfad1,application_config,services/08-mobile-backend.yaml,SYMMETRIC,TLS_AES_256_GCM_SHA384,,,,,TLS_AES_256_GCM_SHA384,,,,,,,UNKNOWN,,symmetric,,,,,,,cipher_suites,cipher_suite,tls.cipher_suites
cfg-3640e1379b8d83774b6536f7,application_config,services/08-mobile-backend.yaml,EC,ecdsa_secp256r1_sha256,,,,,,,,,,,,UNKNOWN,,classical-public-key,,,,,,,signature_algorithms,signature,tls.signature_algorithms
cfg-3b96a65e25026be67cfea50f,application_config,services/08-mobile-backend.yaml,SYMMETRIC,TLS_AES_128_GCM_SHA256,,,,,TLS_AES_128_GCM_SHA256,,,,,,,UNKNOWN,,symmetric,,,,,,,cipher_suites,cipher_suite,tls.cipher_suites
cfg-78e7e7f9de763bb89c6099c5,application_config,services/08-mobile-backend.yaml,ECDH,secp256r1,,secp256r1,,,,,,,,,,UNKNOWN,,classical-public-key,,,,,,,groups,tls_key_establishment,tls.groups
cfg-7ca3e9deca428e3cbd0f4b45,application_config,services/08-mobile-backend.yaml,PROFILE,classical,,,,,,,,,,,,UNKNOWN,,profile,,,,,,,crypto_profile,crypto_profile,crypto_profile
cfg-cab60df92e64ce4f8e9eb689,application_config,services/08-mobile-backend.yaml,XDH,X25519,,X25519,,,,,,,,,,UNKNOWN,,classical-public-key,,,,,,,groups,tls_key_establishment,tls.groups
cfg-d9f0699b5188a3a55648a2da,application_config,services/08-mobile-backend.yaml,TLS-PROTOCOL,TLSv1.3,,,,TLSv1.3,,,,,,,,UNKNOWN,,protocol,,,,,,,min_tls_version,tls_protocol_bound,tls.min_tls_version
cfg-1dacdc8e1d9c3243f9a31dd4,application_config,services/09-telemetry-ingest.yaml,EC,ecdsa_secp256r1_sha256,,,,,,,,,,,,UNKNOWN,,classical-public-key,,,,,,,signature_algorithms,signature,tls.signature_algorithms
cfg-520b35adf88530aaf557656e,application_config,services/09-telemetry-ingest.yaml,TLS-PROTOCOL,TLSv1.2,,,,TLSv1.2,,,,,,,,UNKNOWN,,protocol,,,,,,,min_tls_version,tls_protocol_bound,tls.min_tls_version
cfg-d3bc277f50ff6a1471635139,application_config,services/09-telemetry-ingest.yaml,SYMMETRIC,TLS_AES_128_GCM_SHA256,,,,,TLS_AES_128_GCM_SHA256,,,,,,,UNKNOWN,,symmetric,,,,,,,cipher_suites,cipher_suite,tls.cipher_suites
cfg-e4aa836823f336f9418d55ab,application_config,services/09-telemetry-ingest.yaml,SYMMETRIC,AES-256-GCM,,,,,AES-256-GCM,,,,,,,UNKNOWN,,symmetric,,,,,,,cipher_suites,cipher_suite,tls.cipher_suites
cfg-f0846b02846ec1ea559d871f,application_config,services/09-telemetry-ingest.yaml,ECDH,secp256r1,,secp256r1,,,,,,,,,,UNKNOWN,,classical-public-key,,,,,,,groups,tls_key_establishment,tls.groups
cfg-f387a75c5f888b8534a0d1a5,application_config,services/09-telemetry-ingest.yaml,PROFILE,classical,,,,,,,,,,,,UNKNOWN,,profile,,,,,,,crypto_profile,crypto_profile,crypto_profile
cfg-08635a3fed651474ad230150,application_config,services/10-admin-console.yaml,HYBRID-KEM,X25519MLKEM768,,X25519MLKEM768,,,,,,,,,,UNKNOWN,,hybrid,NIST FIPS 203 component in hybrid group,experimental-tls-integration,,,,,groups,tls_key_establishment,tls.groups
cfg-624cec9c08f076441d8cf887,application_config,services/10-admin-console.yaml,SYMMETRIC,TLS_AES_128_GCM_SHA256,,,,,TLS_AES_128_GCM_SHA256,,,,,,,UNKNOWN,,symmetric,,,,,,,cipher_suites,cipher_suite,tls.cipher_suites
cfg-6a562c2cf515a0e16de5645a,application_config,services/10-admin-console.yaml,TLS-PROTOCOL,TLSv1.3,,,,TLSv1.3,,,,,,,,UNKNOWN,,protocol,,,,,,,min_tls_version,tls_protocol_bound,tls.min_tls_version
cfg-86d9a1b15c7077b093866eb0,application_config,services/10-admin-console.yaml,EC,ecdsa_secp384r1_sha384,,,,,,,,,,,,UNKNOWN,,classical-public-key,,,,,,,signature_algorithms,signature,tls.signature_algorithms
cfg-94652e95084f7720c9313a26,application_config,services/10-admin-console.yaml,PROFILE,hybrid,,,,,,,,,,,,UNKNOWN,,profile,,,,,,,crypto_profile,crypto_profile,crypto_profile
cfg-9f4e9e198068f6b7498f6af0,application_config,services/10-admin-console.yaml,SYMMETRIC,TLS_AES_256_GCM_SHA384,,,,,TLS_AES_256_GCM_SHA384,,,,,,,UNKNOWN,,symmetric,,,,,,,cipher_suites,cipher_suite,tls.cipher_suites
cfg-8feb80d2d5734e0b33ad8df3,application_config,services/11-pqc-pilot.yaml,ML-KEM,MLKEM768,,MLKEM768,,,,,,,,,,UNKNOWN,,post-quantum,NIST FIPS 203,experimental-tls-integration,,,,,groups,tls_key_establishment,tls.groups
cfg-9c2498f6d81965d545b71f9f,application_config,services/11-pqc-pilot.yaml,ML-DSA,mldsa65,,,,,,,,,,,,UNKNOWN,,post-quantum,NIST FIPS 204,experimental-tls-integration,,,,,signature_algorithms,signature,tls.signature_algorithms
cfg-a3d81e4d32deb21beb8285cb,application_config,services/11-pqc-pilot.yaml,SYMMETRIC,TLS_AES_128_GCM_SHA256,,,,,TLS_AES_128_GCM_SHA256,,,,,,,UNKNOWN,,symmetric,,,,,,,cipher_suites,cipher_suite,tls.cipher_suites
cfg-e1ae031c09f6053bd7902312,application_config,services/11-pqc-pilot.yaml,TLS-PROTOCOL,TLSv1.3,,,,TLSv1.3,,,,,,,,UNKNOWN,,protocol,,,,,,,min_tls_version,tls_protocol_bound,tls.min_tls_version
cfg-edc3ee29cebfed36a3f41641,application_config,services/11-pqc-pilot.yaml,SYMMETRIC,TLS_AES_256_GCM_SHA384,,,,,TLS_AES_256_GCM_SHA384,,,,,,,UNKNOWN,,symmetric,,,,,,,cipher_suites,cipher_suite,tls.cipher_suites
cfg-eebd002e538f7540f983fc46,application_config,services/11-pqc-pilot.yaml,PROFILE,pqc,,,,,,,,,,,,UNKNOWN,,profile,,,,,,,crypto_profile,crypto_profile,crypto_profile
cfg-05fab0f40ee1b997cd0f246f,application_config,services/12-internal-messaging.yaml,TLS-PROTOCOL,TLSv1.2,,,,TLSv1.2,,,,,,,,UNKNOWN,,protocol,,,,,,,min_tls_version,tls_protocol_bound,tls.min_tls_version
cfg-193ce6bec9fc75937dc22d48,application_config,services/12-internal-messaging.yaml,XDH,X25519,,X25519,,,,,,,,,,UNKNOWN,,classical-public-key,,,,,,,groups,tls_key_establishment,tls.groups
cfg-4c1296bece5dab27d04084ac,application_config,services/12-internal-messaging.yaml,SYMMETRIC,TLS_AES_128_GCM_SHA256,,,,,TLS_AES_128_GCM_SHA256,,,,,,,UNKNOWN,,symmetric,,,,,,,cipher_suites,cipher_suite,tls.cipher_suites
cfg-55ddefdf8b561c08d9459def,application_config,services/12-internal-messaging.yaml,SYMMETRIC,AES-256-GCM,,,,,AES-256-GCM,,,,,,,UNKNOWN,,symmetric,,,,,,,cipher_suites,cipher_suite,tls.cipher_suites
cfg-90209189fcbec9e84dcda072,application_config,services/12-internal-messaging.yaml,RSA,rsa_pss_rsae_sha256,,,,,,,,,,,,UNKNOWN,,classical-public-key,,,,,,,signature_algorithms,signature,tls.signature_algorithms
cfg-a31d32162096ef37e51b3a12,application_config,services/12-internal-messaging.yaml,ECDH,secp256r1,,secp256r1,,,,,,,,,,UNKNOWN,,classical-public-key,,,,,,,groups,tls_key_establishment,tls.groups
cfg-c4b30fc3ba81547f052587d3,application_config,services/12-internal-messaging.yaml,PROFILE,classical,,,,,,,,,,,,UNKNOWN,,profile,,,,,,,crypto_profile,crypto_profile,crypto_profile
